Date,Open,High,Low,Close,Volume,Market Cap
1496206800,231.57800293,236.964996338,215.567993164,230.66900634,1271600000,21244817138.8
1496293200,230.886001587,236.220993042,214.479995728,222.2389984,812924032,20474652879.1
1496379600,222.285995483,229.410995483,219.583999634,223.7749938,469532000,20622162298.6
1496466000,223.464004517,225.973007202,219.41900634,224.376007,427896000,20683715605
1496552400,224.117004395,250.410003662,223.981002808,245.3320007,753820032,22622207553.3
1496638800,245.261993408,249.468994141,243.048995972,248.4640045,435660000,22917910489
1496725200,248.598999023,267.514007568,246.839004517,264.4660034,741553024,24401181120.6
1496811600,264.26000976,264.67401123,254.039993286,258.071014404,461648992,23818300201.8
1496898000,257.99099731,262.25201416,253.975006104,261.665985107,385494016,24157329920.9
1496984400,261.74899292,282.76098632,261.74899292,281.7369995,557985984,26018098658.2
1497070800,282.014007568,350.260986328,282.014007568,337.66799926,1611629952,31192780483
1497157200,338.794006348,353.01098632,318.17098999,340.60900878,1373219968,31473965820.8
1497243600,341.164001465,414.756011963,341.164001465,401.48999023,2882650112,37110948644.2
1497330000,395.686004639,411.178009033,370.057006836,397.5369873,1717379968,36756801122.8
1497416400,397.588989258,399.324005127,342.214996338,359.05300903,1272579968,33208658541.8
1497502800,358.506988525,364.438995361,300.700012207,361.93301391,2463450112,33485258151.5
1497589200,361.182006836,373.054992676,341.416992188,370.22698974,1096280064,34263095461.8
1497675600,369.882995605,379.41400146,364.00201416,379.4140014,904652992,35124053707
1497762000,379.519012451,390.580993652,368.843994141,371.4580078,904702976,34398150200.6
1497848400,371.864013672,377.114990234,369.763000488,370.0559997,685171968,34278915230
1497934800,370.32699585,377.968994141,350.941986084,359.00500488,1020390016,33260958885.1
1498021200,359.540008545,361.342987061,319.479003906,336.87200927,1420130048,31222823000.4
1498107600,337.733001709,342.027008057,330.622009277,336.3710021,925766976,31185326164.1
1498194000,336.484985352,348.006011963,334.989990234,341.7390136,593206976,31691908923.7
1498280400,341.625,343.621002197,322.087005615,323.696014404,673585024,30027238695.6
1498366800,323.466003418,332.791992188,284.64599609,303.24798584,1186880000,28138409363.6
1498453200,302.954986572,311.458007812,238.649002075,272.69198608,2081810048,25309759967.6
1498539600,272.691986084,293.088012695,227.136993408,293.08801269,1973869952,27211279055.1
1498626000,293.041992188,333.104003906,276.414001465,327.92700195,2056550016,30454577323.1
1498712400,328.365997314,330.70800781,297.37298584,302.8829956,1508579968,28136918558.1
1498798800,303.15200805,315.17199707,288.442993164,294.9159851,1011800000,27404731860.5
1498885200,293.35299682,293.74798584,268.617004395,274.60101318,1089200000,25524313602.7
1498971600,275.12298584,295.50900268,262.519989014,287.98699951,1123330048,26776243984.3
1499058000,288.414001465,291.104003906,281.175994873,282.8980102,851408000,26310761677.2
1499144400,282.191009521,287.388000488,273.110992432,273.303009,687691008,25425860777
1499230800,273.098,275.125,261.446990967,268.7739868,790256000,25011710284.7
1499317200,268.858001709,278.476013184,265.5119934,270.5490112,623080000,25179348910.6
1499403600,270.350006104,273.942993164,244.173995972,245.9909973,687251968,22900134646.4
1499490000,245.88999939,273.476989746,236.550994873,251.69700622,754958016,23443013085.5
1499576400,251.822006226,255.104995728,242.136993408,242.136993408,505118016,22559120946.3
1499662800,243.011001587,243.070999146,196.964996338,215.3569946,937219008,20069373698.1
1499749200,211.524993896,220.291000366,183.391998291,197.40400695,1440950016,18401040700.6
1499835600,197.151992798,230.774002075,189.589004517,230.77400207,1241190016,21517152173.6
1499922000,231.81199646,231.81199646,200.065002441,209.733001709,828489024,19560300930.2
1500008400,209.529006958,211.10099792,187.37399292,199.6620025,749382016,18625794688.3
1500094800,199.708999634,200.160995483,170.654998779,170.6549987,810451968,15923953592.6
1500181200,169.574005127,172.014007568,133.723007202,157.36300659,1516889984,14687441604.6
1500267600,159.990997314,194.753005981,158.044006348,193.42399597,1669500032,18057735704.2
1500354000,195.026992798,267.985992432,182.05900573,234.39100647,2709260032,21887962775.7
1500440400,234.940994263,245.651000977,191.74499511,199.70300293,2328790016,18653610728.8
1500526800,205.42199707,233.904006958,203.21600341,227.26499939,2224999936,21233651866.3
1500613200,226.061004639,235.117996216,213.009994507,218.30499267,1006129984,20401709506.4
1500699600,217.86000061,232.695999146,216.867996216,229.4759979,618259968,21451273566.4
1500786000,229.123001099,231.679992676,217.722000122,225.951004,649614976,21127295408.6
1500872400,226.285003662,227.53799438,222.45300293,224.7109985,431691008,21016755176.6
1500958800,224.373001099,225.324005127,195.845001221,206.71000671,1095760000,19338262506.3
1501045200,207.085998535,210.766998291,194.78399658,203.9530029,717692032,19085332800
1501131600,204.856002808,206.444000244,201.259994507,204.3179931,393283008,19124468250.3
1501218000,204.324996948,204.897003174,192.304000854,193.123001,562571008,18081289102.8
1501304400,193.341003418,208.679000854,179.647003174,205.7890014,824355008,19272280500.2
1501390800,206.735992432,208.541000366,196.149002075,197.9779968,596233984,18545669553.6
1501477200,197.404998779,203.871002197,193.410995483,203.8710021,569414016,19102596754.5
1501563600,204.68800354,227.74400329,204.68800354,226.76899719,1585330048,21252988046.8
1501650000,227.005996704,229.511993408,218.11799621,219.9519958,632606016,20618746851.8
1501736400,220.179992676,228.292007446,219.888000488,225.3419952,557217024,21128736917.8
1501822800,225.307998657,227.621002197,222.057006836,223.072998,539782976,20920682038
1501909200,222.852005005,256.50698852,221.95199585,256.50698852,1332999936,24061766193.9
1501995600,256.41900634,271.04901123,252.852005005,261.56698608,1482979968,24541904158.6
1502082000,261.236999512,271.963012695,256.688995361,269.1799926,935726976,25262099071.4
1502168400,269.100006104,298.90701293,266.79598999,296.76901245,1502409984,27857712298.9
1502254800,297.631988525,318.716003418,276.690002441,296.02700805,2638579968,27794475648.4
1502341200,296.960998535,306.592987061,289.925994873,295.89199829,1076819968,27788165831.7
1502427600,294.494995117,309.209014893,294.494995117,308.8640136,953576000,29013166488.9
1502514000,308.709991455,317.559997559,307.895996094,310.60101318,1111650048,29183139234.1
1502600400,310.365997314,310.816009521,289.313995361,298.06399536,1369369984,28011760530.6
1502686800,298.031005859,306.807006836,296.411987305,300.0969848,864390976,28209451116.8
1502773200,299.95199585,300.40899658,279.32699585,289.81799316,1051800000,27249639651.1
1502859600,289.819000244,303.412994385,285.385009766,302.266998,967643008,28426961862.9
1502946000,302.804992676,311.02,300.25,301.4570007,909494016,28357573570
1503032400,301.696990967,307.95999145,292.49899292,295.5899963,936160000,27812276026.1
1503118800,296.180999756,301.666992188,286.183013916,297.4700012,860201984,27995885730.5
1503205200,296.644012451,301.428009033,291.579986572,301.428009,571947008,28375046490.7
1503291600,300.47601318,347.04901123,297.234008789,321.59100341,2448969984,30280406340.3
1503378000,321.054992676,327.360992432,297.912994385,314.78500366,1336400000,29646659313.6
1503464400,315.265991211,324.209991455,314.539001465,317.5190124,811990016,29911326161.9
1503550800,317.447998047,327.959991455,317.080993652,325.6109924,697665024,30680964299.9
1503637200,326.109008789,336.39801025,325.79598999,331.9150085,760329024,31281210162.4
1503723600,331.989990234,334.984985352,327.919006348,333.8819885,514180992,31472781161.6
1503810000,334.356994629,347.893005371,334.356994629,347.8930053,633369984,32799991738.8
1503896400,350.042999268,352.053985596,338.407012939,347.7470092,854318976,32792635350.2
1503982800,347.964996338,373.763000488,347.790008545,370.66699218,1220029952,34961063278.1
1504069200,369.47299194,388.74798584,361.971008301,378.48498535,1333319936,35705639884.6
1504155600,378.441009521,386.139007568,376.354003906,383.0419921,706254016,36142706813.6
1504242000,383.467010498,390.044006348,383.467010498,387.7409973,874222016,36593410761
1504328400,387.824005127,389.352996826,328.095001221,348.98400878,1483600000,32942250737.6
1504414800,350.229003906,366.486999512,332.231994629,347.4840087,986265984,32807142041.2
1504501200,347.132995605,347.132995605,279.93899536,295.17098999,1801689984,27873682151.2
1504587600,297.566986084,318.571990967,268.285003662,312.98800659,1551049984,29562162666.3
1504674000,313.802001953,334.657989502,313.489990234,334.33801269,1058830016,31584914370.2
1504760400,333.519012451,333.519012451,319.938995361,329.428009,718624000,31127463389.8
1504846800,329.635986328,329.635986328,285.157012939,296.49700927,1098780032,28021550341.3
1504933200,296.169006348,299.890991211,287.220001221,294.4049987,528620992,27829435117.5
1505019600,294.063995361,294.764007568,268.972991943,288.7470092,698326016,27300089799.4
1505106000,289.744995117,300.687988281,286.684997559,294.5320129,571307008,27852586150
1505192400,294.630004883,311.195007324,287.227996826,291.4639892,753144000,27568017612.9
1505278800,291.122009277,291.122009277,260.609985352,277.1119995,921692032,26215830135.1
1505365200,276.587005615,280.839996338,213.908004761,213.90800476,1184589952,20240633669.4
1505451600,215.220993042,258.654998779,195.035003662,250.46400451,1935699968,23704566169.9
1505538000,250.865997314,262.592987061,238.223007202,246.5220031,711737024,23336257867.7
1505624400,245.848999023,256.996002197,235.24000549,251.7489929,427452000,23835888182.5
1505710800,252.227005005,293.497009277,252.227005005,293.49700927,1127750016,27794233413.2
1505797200,293.656005859,295.768005371,274.484008789,282.8039855,646908992,26787085257.8
1505883600,282.015014648,290.88598632,278.04901123,283.7420043,421404000,26881372918.4
1505970000,283.263000488,286.60998535,255.01600647,258.5799865,601265984,24502550354.3
1506056400,258.114013672,270.540008545,256.217987061,264.3099975,430080992,25049676631.9
1506142800,264.598999023,286.167999268,261.119995117,286.1679992,450934016,27125537826.4
1506229200,286.213989258,292.947998047,278.13198852,282.483001709,571411008,26780610986.1
1506315600,282.217987061,293.51501464,281.87600708,292.3320007,483160992,27718684464.8
1506402000,292.34,293.75,287.019989014,287.4379882,345800992,27259015800.1
1506488400,287.019989014,308.015014648,286.820007324,306.4670104,550243968,29068342955.7
1506574800,306.471008301,307.197998047,295.470001221,299.1549987,501894016,28379292200.9
1506661200,299.11999511,299.92401123,279.773010254,291.4670104,541374976,27654290279.9
1506747600,291.476989746,303.963989258,291.111999512,301.4649963,332439008,28607406297.7
1506834000,301.54699707,303.192993164,295.061004639,302.3370056,306184992,28694730559.4
1506920400,302.481994629,302.920013428,294.582000732,297.475006104,339443008,28237763673.8
1507006800,297.483001709,300.110992432,288.132995605,292.4630126,321680000,27766443809.3
1507093200,292.753997803,299.394012451,290.894989014,292.657989502,257906000,27789444566.8
1507179600,292.773010254,298.040985107,288.839996338,295.8630065,253747008,28098336332.5
1507266000,295.154998779,308.839996338,294.947998047,308.5880126,318664000,29311483315.4
1507352400,308.891998291,313.130004883,304.9750061,311.1239929,342204992,29557048402.5
1507438800,311.058990479,312.541992188,308.028015137,308.608001709,293167008,29322710612.1
1507525200,308.666992188,309.312988281,288.184997559,297.3919982,559467008,28261533648.4
1507611600,297.601013184,306.15399169,293.17300415,299.8699951,359705984,28501667385.4
1507698000,301.180999756,304.390014648,299.096008301,303.4559936,264146000,28847211567.6
1507784400,303.49798584,309.151000977,303.290008545,304.1359863,527556992,28916525239.7
1507870800,304.07901001,348.596008301,299.657012939,338.75698852,1304359936,32213441853.9
1507957200,338.851989746,347.975006104,334.697998047,339.6279907,516561984,32301459659.3
1508043600,339.528991699,342.717010498,320.427001953,336.5950012,635406976,32018244067.1
1508130000,336.710998535,349.345001221,332.041992188,333.3840026,692884992,31718200756.4
1508216400,333.484008789,333.484008789,311.786987305,317.0820007,509924000,30173609811.9
1508302800,316.944000244,317.235992432,290.635986328,314.3190002,606113984,29917084625
1508389200,314.537994385,316.71398925,305.82800293,308.0880126,349830016,29330304837.3
1508475600,308.04598999,311.437988281,303.493988037,304.0060119,396672992,28947916800.4
1508562000,303.571990967,303.929992676,291.768005371,300.1870117,408014016,28590314193.9
1508648400,300.54901123,305.50201416,292.81399536,295.446014404,327387008,28144794781.6
1508734800,295.0960083,295.74798584,277.575012207,286.950012207,482336000,27341319875.9
1508821200,287.119995117,311.958007812,282.6579895,298.3280029,684281024,28431576038
1508907600,298.437011719,301.848999023,290.717987061,297.9249877,325040000,28399185652
1508994000,298.022003174,301.066009521,295.222991943,296.527008,270272992,28271925665.9
1509080400,296.507995605,299.256011963,294.05899047,297.4230041,257168992,28363439564
1509166800,297.915008545,300.356994629,293.58499145,296.2980041,264424000,28262202960.2
1509253200,296.381011963,313.755004883,296.381011963,305.0880126,551752000,29106827254.2
1509339600,304.782012939,310.496002197,304.35198974,307.751007,331441984,29367079932.6
1509426000,307.37799072,310.54800415,305.878997803,305.878997803,369583008,29194751984.9
1509512400,305.761993408,306.401000977,290.583007812,291.6940002,553864000,27846764493.8
1509598800,290.725006104,293.90701293,281.17199707,287.4289855,904900992,27445442367.9
1509685200,288.497009277,308.312988281,287.692993164,305.7109985,646339968,29197317355.4
1509771600,305.480987549,305.480987549,295.802001953,300.4689941,416479008,28702737364.9
1509858000,300.036987305,301.371002197,295.117004395,296.2630004,337657984,28307052340.9
1509948000,296.427001953,305.415008545,293.717010498,298.8919982,579358976,28564296471.6
1510034400,298.567993164,304.842010498,290.766998291,294.6589965,540766016,28165778801.2
1510120800,294.27099609,318.70199585,293.102996826,309.0700073,967955968,29549552409.4
1510207200,308.64498901,329.45199585,307.055999756,320.8840026,893249984,30685584327.4
1510293600,320.67098999,324.717987061,294.541992188,299.2529907,885985984,28623188737.6
1510380000,298.58599853,319.45300293,298.191986084,314.6809997,842300992,30105285828.4
1510466400,314.690002441,319.153015137,298.513000488,307.9079895,1613479936,29463540579.2
1510552800,307.024993896,328.415008545,307.024993896,316.71600341,1041889984,30312834755.5
1510639200,316.763000488,340.177001953,316.763000488,337.63101196,1069680000,32321383639.1
1510725600,337.963989258,340.911987305,329.812988281,333.3569946,722665984,31919060540
1510812000,333.442993164,336.158996582,323.60598754,330.9240112,797254016,31692795452.9
1510898400,330.166992188,334.963989258,327.523010254,332.3940124,621732992,31840349187.1
1510984800,331.980010986,349.615997314,327.687011719,347.6119995,649638976,33305160559.1
1511071200,347.401000977,371.290985107,344.739990234,354.38598632,1181529984,33961430090
1511157600,354.093994141,372.136993408,353.289001465,366.7300109,807027008,35151847932.9
1511244000,367.442993164,372.470001221,350.692993164,360.4010009,949912000,34552559750
1511330400,360.312011719,381.420013428,360.147003174,380.652008,800819008,36501878924.8
1511416800,381.43899536,425.54800415,376.088012695,410.1659851,1845680000,39340408035.9
1511503200,412.50100708,480.972991943,402.757995605,474.91101074,2292829952,45560021462.3
1511589600,475.675994873,485.191986084,461.053009033,466.27600097,1422080000,44741093552.3
1511676000,465.973999023,472.722991943,451.605987549,471.32998657,1197779968,45235644661.6
1511762400,471.531005859,493.404998779,468.484985352,480.35501098,1396480000,46111561438.2
1511848800,480.518005371,482.480010986,466.346984863,472.90200805,1346499968,45405717908.6
1511935200,473.281005859,522.307006836,425.071014404,427.52301025,2675940096,41057383008.6
1512021600,431.214996338,465.497009277,401.243011475,447.11401367,1903040000,42947937239
1512108000,445.209014893,472.609008789,428.312011719,466.54000854,1247879936,44823457368.9
1512194400,466.851013184,476.239013672,456.653015137,463.4490051,943649984,44535863932.9
1512280800,463.704986572,482.813995361,451.851989746,465.8529968,990556992,44776362723.9
1512367200,466.053985596,474.777008057,453.31201171,470.20401001,1005550016,45204145124.6
1512453600,470.294006348,473.558013916,457.660003662,463.28100585,1216720000,44548159326.4
1512540000,462.604003906,462.708007812,420.209991455,428.58801269,1998259968,41220997941.6
1512626400,426.368988037,441.397003174,414.411010742,434.4079895,2129570048,41789848007.1
1512712800,434.989013672,466.062011719,422.367004395,456.03100585,2336379904,43879256076.4
1512799200,457.343994141,504.147003174,456.25299072,473.50201416,2003849984,45570080683.4
1512885600,472.789001465,472.789001465,429.514007568,441.7210083,1404179968,42520479602.2
1512972000,440.358001709,516.968994141,439.104003906,515.13598632,1771440000,49597927197.8
1513058400,522.286010742,657.317993164,504.493988037,651.43103027,5179829760,62733982231.6
1513144800,644.906005859,747.992980957,597.797973633,702.7670288,4524539904,67692231422.2
1513231200,700.59399414,753.12097168,664.989013672,695.815979,3821580032,67036917106.7
1513317600,696.375976562,697.132019043,621.060974121,684.44799804,2758710016,65956174320.9
1513404000,686.192016602,718.385009766,680.786010742,696.20898437,2165690112,67103695920.2
1513490400,696.236999512,735.825012207,696.236999512,719.9749755,2147389952,69409025337.5
1513576800,721.731994629,803.927978516,689.231018066,794.64501953,3249230080,76623897491.8
1513663200,793.901000977,881.94396972,785.34197998,826.82299804,4096549888,79743740361.5
1513749600,827.515991211,845.06201171,756.00402832,819.08599853,3969939968,79014430827.6
1513836000,820.236022949,880.543029785,792.689025879,821.06298828,3569060096,79221896340.7
1513922400,822.643005371,827.682983398,543.762023926,674.85998535,4977710080,65129109276.5
1514008800,681.315979004,763.895019531,679.731018066,719.38702392,2480339968,69441297649.2
1514095200,721.768981934,721.76898193,614.92199707,694.14801025,2300549888,67019237420.1
1514181600,698.869995117,782.520996094,698.869995117,765.83398437,2491760128,73955757348.5
1514268000,763.369995117,786.789978027,760.934997559,773.83599853,2201159936,74744613930.9
1514354400,774.969970703,789.252990723,738.4130249,762.84197998,2100029952,73698377069.6
1514440800,762.208007812,763.318969727,701.187011719,737.02301025,2389149952,71219054808.3
1514527200,740.388977051,770.117004395,729.60797119,753.59197998,2648969984,72835328712.1
1514613600,753.815002441,753.815002441,685.231018066,717.25701904,3187780096,69338470695.5
1514700000,712.211975098,760.348022461,710.119018555,756.73297119,2554269952,73170170967.3
1514786400,755.757019043,782.53002929,742.00402832,772.64099121,2595760128,74724233457.5
1514872800,772.3460083,914.83001709,772.346008301,884.44396972,5783349760,85552984076.5
1514959200,886,974.4710083,868.45098877,962.7199707,5093159936,93146829617
1515045600,961.713012695,1045.07995605,946.08599853,980.92199707,6502859776,94924308782.9
1515132000,975.75,1075.39001465,956.325012207,997.7199707,6683149824,96574936368
1515218400,995.153991699,1060.70996094,994.622009277,1041.6800537,4662219776,100852102738
1515304800,1043.01000977,1153.17004395,1043.01000977,1153.1700439,5569880064,111670667774
1515391200,1158.26000977,1266.93005371,1016.0499877,1148.5300293,8450970112,111244629093
1515477600,1146,1320.97998047,1145.48999023,1299.7399902,7965459968,125917925182
1515564000,1300.33996582,1417.38000488,1226.59997559,1255.8199462,9214950400,121689425203
1515650400,1268.08996582,1337.30004883,1135.17004395,1154.9300537,7235899904,111937424561
1515736800,1158.29003906,1296.04003906,1120.08996582,1273.1999511,5222300160,123426938667
1515823200,1270.4699707,1432.8800048,1270.4699707,1396.4200439,5746760192,135400735922
1515909600,1397.47998047,1400.56005859,1286.20996094,1366.7700195,4841630208,132554906162
1515996000,1365.20996094,1390.58996582,1290.59997559,1291.9200439,4781100032,125319766537
1516082400,1292.63000488,1292.6300048,875.54498291,1053.6899414,8405139968,102231295311
1516168800,1061.33996582,1090.2299804,780.921,1014.25,8545160192,98429091487.1
1516255200,1016.44000244,1100.31005859,967.75897216,1036.2800293,5938319872,100588318055
1516341600,1028.8199462,1093.2199707,1003.71002197,1039.0999755,4084450048,100883462786
1516428000,1044.94995117,1167.10998535,1044.94995117,1155.1500244,3975190016,112174461242
1516514400,1155.68005371,1155.6,1021.5,1049.579956,3378089984,101943726022
1516600800,1055.34997559,1089.09997559,930.741027832,1003.2600097,3810099968,97465684890.1
1516687200,1004.16998291,1023.22998047,920.539978027,986.2290039,3556699904,95831359552.3
1516773600,987.476989746,1062.43994141,965.80798339,1058.7800293,3944039936,102902843882
1516860000,1063.2199707,1104.66003418,1034.7399902,1056.0300293,4050190080,102657059605
1516946400,1052.69995117,1080.59997559,996.783996582,1055.1700439,3617690112,102595008990
1517032800,1055.75,1121.97998047,1042.11999512,1107.0699462,3002870016,107663911307
1517119200,1111.7800293,1257.7700195,1111.7800293,1246.0100097,5372329984,121201618306
1517205600,1246.69995117,1256.69995117,1169.07995605,1182.3599853,3715079936,115034583684
1517292000,1184.13000488,1184.6300048,1058.9699707,1071.1300048,4107859968,104234481555
1517378400,1071.08996582,1128.6,1034.5,1118.3100585,3757560064,108848638400
1517464800,1119.36999512,1161.34997559,984.818969727,1036.790039,5261680128,100935354837
1517551200,1035.77001953,1035.77001953,757.979980469,915.78497314,6713290240,89173962073.8
1517637600,919.210998535,991.942993164,847.690002441,964.01898193,3243480064,93890299032.2
1517724000,964.666992188,969.031982422,805.064025879,834.68200683,2997090048,81310521832.3
1517810400,834.958007812,856.645996094,644.59899902,697.95098877,4269530112,68005284182.7
1517896800,707.736999512,796.439025879,574.419006348,793.12200927,6518269952,77294507867.5
1517983200,790.427978516,851.200012207,723.432983398,757.06799316,3896179968,73796288509
1518069600,755.843017578,845.085998535,755.843017578,817.80700683,3708189952,79733609806.2
1518156000,818.47998046,884.00402832,788.833984375,883.86499023,2495820032,86191922699.4
1518242400,882.46697998,917.400024414,825.577026367,860.41497802,2930530048,83922989197.7
1518328800,859.288024902,859.288024902,788.221984863,814.65997314,2486650112,79476512346.9
1518415200,817.507995605,875.937011719,817.507995605,868.70697021,2243450112,84767037716.4
1518501600,869.293029785,870.708984375,828.836975098,845.2579956,2081170048,82496189205.9
1518588000,844.278991699,926.429016113,844.278991699,923.56097412,2818370048,90157005929.3
1518674400,923.728027344,951.947998047,911.111022949,936.97601318,2900100096,91485862822
1518760800,934.786010742,950.005004883,917.848022461,944.21002197,2369449984,92211437654.4
1518847200,944.74798584,976.5949707,940.75402832,974.11499023,2525720064,95151956513.1
1518933600,973.348999023,982.932983398,915.445007324,923.9210205,2567290112,90267805475.7
1519020000,921.668029785,957.776977539,921.554016113,943.86499023,2169019904,92235641556
1519106400,943.567016602,965.265014648,892.95397949,895.37097168,2545260032,87514997546.3
1519192800,894.135009766,912.375,830.562988281,849.9710083,2531729920,83095081059.4
1519279200,849.262023926,875.926025391,802.668029785,812.8449707,2150370048,79482140043.6
1519365600,811.585021973,886.317993164,794.791015625,864.18902587,2334820096,84520567484.8
1519452000,861.593017578,879.531005859,818.549987793,840.51501464,1926579968,82222377927.7
1519538400,839.458984375,853.145996094,822.380981445,844.80999755,1646960000,82659602549
1519624800,845.278015137,880.392028809,842.318969727,869.31500244,2044480000,85074973200
1519711200,870.364990234,896.25897216,867.096984863,878.26501464,2053980032,85968788107.6
1519797600,877.934020996,890.107971191,855.124023438,855.1989746,1963980032,83728564148.6
1519884000,856.012023926,880.30200195,851.91998291,872.2000122,1868519936,85410827047.4
1519970400,871.763977051,876.37799072,852.42199707,856.85302734,1894419968,83925690000.9
1520056800,856.710998535,868.453979492,855.206970215,857.22497558,1699369984,83979651072.5
1520143200,856.185974121,867.950012207,840.280029297,866.67797851,1697939968,84923240777.7
1520229600,866.8460083,869.91998291,853.520019531,853.68402099,1898489984,83667342991.5
1520316000,853.817016602,853.817016602,809.93103027,816.95098877,1943069952,80083929890.6
1520402400,816.270996094,825.60699462,726.54699707,752.83099365,2175419904,73813918307.4
1520488800,752.570007324,773.767028809,696.169006348,704.5960083,1891640064,69098851660.6
1520575200,702.197021484,729.156005859,648.106994629,728.91601562,2233019904,71498733754
1520661600,730.159973145,748.031005859,682.695007324,686.89001464,1532960000,67390487259
1520748000,685.312011719,735.83099365,668.12298584,723.33898925,1562680064,70981343638.5
1520830800,724.406005859,742.513977051,683.268005371,699.83099365,1764999936,68688764839.3
1520917200,698.153015137,713.734985352,682.349975586,690.82702636,1425959936,67819092120.8
1521003600,691.218994141,702.783996582,594.099975586,614.29101562,1810560000,60318025225.7
1521090000,614.838989258,620.616027832,579.505004883,611.30401611,1770460032,60037233577.4
1521176400,611.778015137,623.168029785,587.861999512,601.6660156,1417350016,59103031871.3
1521262800,601.677978516,609.151000977,549.096008301,552.77899169,1267810048,54312035488.8
1521349200,551.640014648,551.640014648,460.088012695,538.64398193,2685499904,52934184182
1521435600,546.625976562,558.09997558,519.12298584,556.72601318,2046790016,54722473140.3
1521522000,556.721984863,567.090026855,521.203979492,557.17498779,1833680000,54777982164.4
1521608400,559.099975586,589.606994629,550.572021484,561.73199462,1781270016,55237391316
1521694800,562.103027344,577.565979004,523.088989258,539.70202636,1523459968,53082150649.3
1521781200,539.864013672,540.48699951,512.12701416,539.61901855,1596349952,53084905905.7
1521867600,542.572021484,545.38201904,526.08001709,526.43902587,1300009984,51799123912
1521954000,522.70300293,535.820983887,515.658996582,524.2869873,1151170048,51598047955.4
1522040400,524.2869873,526.37902832,470.44000244,489.95098877,1638880000,48228842327.3
1522126800,489.589996338,491.459014893,449.971008301,450.11599731,1617939968,44316774117.9
1522213200,450.290985107,466.210998535,444.860992432,446.27899169,1514179968,43948072320.8
1522299600,448.075012207,450.812988281,385.812988281,385.96798706,1970230016,38016727208.9
1522386000,385.904998779,409.928985596,368.632995605,394.64498901,1878130048,38879465943.6
1522472400,395.003997803,418.46798706,392.95300293,396.45700073,1323920000,39066085341.7
1522558800,397.253997803,400.528015137,363.804992676,379.60699462,1256930048,37413407420.1
1522645200,379.69900512,395.17098999,377.592987061,386.42498779,1102259968,38093277842.3
1522731600,387.312011719,418.967987061,383.532012939,416.89300537,1363399936,41105280497.5
1522818000,416.484985352,417.471984863,375.309997559,380.54299926,1287730048,37528933631.2
1522904400,379.946990967,387.716003418,369.816009521,383.23199462,1210680064,37802008407.7
1522990800,382.730987549,385.195007324,366.911010742,370.2850036,967105984,36532478895.9
1523077200,370.380004883,393.058990479,369.936004639,385.3139953,951475008,38023057370.7
1523163600,385.743011475,402.589996338,385.601989746,400.507995605,948488000,39530560783.8
1523250000,400.85699462,429.25100708,390.609985352,398.52600097,1478390016,39343018191.4
1523336400,399.411010742,415.888000488,393.878997803,414.24301147,1196000000,40903130395.8
1523422800,415.023986816,430.540008545,412.471008301,430.54000854,1439040000,42521044920.4
1523509200,430.161010742,493.058013916,417.412994385,492.94100952,2519360000,48693844480.7
1523595600,493.160003662,526.469970703,482.658996582,492.734985352,2419249920,48683660481.3
1523682000,492.579986572,512.023986816,488.278991699,501.47799682,1519079936,49557725332.8
1523768400,502.880004883,531.702026367,502.880004883,531.70202636,1726089984,52555419462.3
1523854800,532.073974609,534.19,500.25,511.14700317,1758979968,50534185799.2
1523941200,511.144989014,518.031005859,502.563995361,502.89401245,1760359936,49728519115.3
1524027600,503.30899047,525.09197998,503.045013428,524.78900146,1762940032,51904227886.3
1524114000,524.038024902,567.888977051,523.262023926,567.88897705,2256869888,56178772001.3
1524200400,567.989013672,618.71502685,560.28302002,615.71801757,2849469952,60922818296.2
1524286800,616.00402832,621.888000488,578.549987793,605.39501953,2612460032,59913832193.8
1524373200,606.119018555,640.767028809,593.869018555,621.85998535,2426269952,61556034015.4
1524459600,621.198974609,646.700012207,621.034973145,642.54797363,2386830080,63617020167.4
1524546000,643.398010254,708.875,643.39801025,708.15802002,3581860096,70127342534.4
1524632400,707.062011719,707.062011719,600.211975098,615.41601562,4216140032,60955966710.5
1524718800,618.078979492,663.181030273,604.007019043,662.80902099,2984009984,65663946135.1
1524805200,662.109008789,684.867980957,647.031982422,647.03198242,2598129920,64114105428.4
1524891600,644.645996094,691.442016602,644.645996094,683.67797851,2496659968,67759208003.9
1524978000,683.911987305,697.755981445,670.513000488,688.88098144,2740559872,68289153705.5
1525064400,689.760986328,694.439025879,666.11700439,669.92401123,2853100032,66423712255.5
1525150800,670.463012695,674.403015137,637.539978027,673.61297607,2678960128,66803233984.4
1525237200,674.0750122,688.84197998,667.41998291,687.14898681,2822269952,68159979253.2
1525323600,686.591003418,784.341003418,686.591003418,779.54302978,4210939904,77340839220
1525410000,776.77502441,803.74597168,762.632019043,785.62402343,3533410048,77960306235.7
1525496400,784.58300781,827.45501709,784.236999512,816.11999511,3035040000,81003446782.8
1525582800,816.088012695,835.057006836,764.882995605,792.31097412,3105570048,78656662788.1
1525669200,793.338989258,795.757995605,710.177978516,753.72497558,4316120064,74841655792.1
1525755600,755.008972168,774.24902343,728.12902832,752.85699462,2920489984,74770813968.4
1525842000,752.901977539,759.528991699,718.471984863,752.27502441,2877870080,74728439729.9
1525928400,752.57897949,766.74798584,726.664001465,727.27697753,2748950016,72260117775
1526014800,727.013000488,736.976989746,669.825012207,679.58599853,3290080000,67535702572.4
1526101200,679.87701416,691.411010742,644.065979004,686.04797363,2668480000,68192028457.7
1526187600,687.174987793,741.312011719,675.31896972,733.49597168,2362500096,72923278118.9
1526274000,732.73297119,742.16998291,695.79199218,730.54901123,3005110016,72645181706.2
1526360400,731.143005371,739.052001953,700.99499511,708.87097168,2523069952,70504110200.8
1526446800,708.086975098,710.200012207,682.541015625,707.04998779,2476130048,70337446111
1526533200,708.718017578,718.833007812,668.833984375,672.65698242,2350619904,66929938612.3
1526619600,672.101989746,695.031005859,663.809020996,694.36700439,2305740032,69104455848.8
1526706000,695.07202148,715.57800293,686.791015625,696.53002929,2021549952,69334147807
1526792400,697.922973633,723.752990723,692.669006348,715.36901855,2156910080,71224213260.1
1526878800,717.192993164,719.278015137,692.494018555,699.22198486,2005170048,69631032596.2
1526965200,700.177978516,700.976013184,644.026000977,647.74102783,2230469888,64517663406.1
1527051600,646.66998291,651.635986328,572.952026367,583.58502197,2995429888,58139666822
1527138000,584.536010742,610.817993164,557.205993652,601.75500488,2791099904,59962094302
1527224400,602.140014648,617.185974121,575.624023438,586.73400878,2110919936,58477440267.9
1527310800,587.426025391,606.174987793,583.512023926,587.28002929,1694300032,58544016480.6
1527397200,588.52001953,590.32800293,562.866027832,572.66802978,1788790016,57099072056.3
1527483600,573.04498291,576.04901123,512.552001953,516.03601074,2356900096,51463146627.2
1527570000,516.148010254,572.263977051,516.148010254,565.38800048,2330820096,56396587655.5
1527656400,566.83001709,583.135986328,545.431030273,559.59002685,2053970048,55829809816.9
1527742800,558.497009277,585.538024902,557.065979004,577.64501953,1985040000,57643138806.7
1527829200,578.67199707,589.093017578,567.664978027,580.04302978,1945890048,57894350583
1527915600,580.429016113,597.077026367,577.322021484,591.80798339,1880390016,59080880116.9
1528002000,591.258972168,624.513000488,591.258972168,618.32897949,1832550016,61740821845.6
1528088400,619.437011719,623.429016113,583.747009277,592.98498535,1903430016,59222873879.9
1528174800,593.40600585,611.33001709,580.981994629,609.30297851,1844269952,60864980394.9
1528261200,610.262023926,611.643005371,596.395996094,607.12402343,1756530048,60659842640.8
1528347600,607.687011719,616.143981934,601.692993164,605.18701171,1880140032,60478879394.6
1528434000,605.442993164,608.810974121,595.593017578,601.07702636,1637779968,60080608858
1528520400,600.905029297,608.583007812,597.562011719,597.56201171,1519309952,59741701632.7
1528606800,594.344970703,594.344970703,511.889007568,526.4790039,2234880000,52645885460.5
1528693200,524.856994629,536.857971191,515.268981934,533.28399658,1982119936,53337466294.1
1528779600,532.71002197,538.95501709,491.234985352,496.84298706,1932760064,49702985162.4
1528866000,498.018005371,501.904998779,459.003997803,477.49398803,2080130048,47777150787
1528952400,478.38101196,523.54498291,467.466003418,519.74200439,2458650112,52015066663.3
1529038800,520.479980469,521.304992676,487.468994141,491.0039978,1808269952,49149084089.5
1529125200,490.414001465,503.222991943,488.851013184,499.64199829,1314109952,50024018701.1
1529211600,499.459991455,507.640991211,498.648010254,500.44799804,1264870016,50114921287.6
1529298000,499.382995605,521.796020508,494.066009521,518.89099121,1513869952,51972519170.6
1529384400,519.023010254,542.353027344,516.312011719,537.95697021,1726569984,53893191559.4
1529470800,538.505981445,541.015014648,519.369018555,536.26800537,1596290048,53735032875.1
1529557200,536.44702148,543.71697998,524.258972168,527.36700439,1462070016,52853921455.3
1529643600,527.193969727,527.19396972,456.87701416,465.81698608,2226030080,46694859627.8
1529730000,466.273986816,479.128997803,462.393005371,474.51998901,1651379968,47577076101.7
1529816400,474.76800537,475.359008789,426.46899414,457.67199707,2490579968,45897156207.1
1529902800,455.936004639,470.343994141,448.895996094,460.30999755,4007950080,46171165113.8
1529989200,460.733001709,461.213012695,432.772003174,432.77200317,1356560000,43417898247.6
1530075600,432.243988037,444.243011475,424.838989258,442.36499023,1368940032,44389430888.5
1530162000,442.290008545,443.618011475,419.683013916,422.36499023,1360790016,42391125054.3
1530248400,422.587005615,441.792999268,407.946990967,436.00900268,1564499968,43769409548.2
1530334800,436.20901489,458.79699707,436.209014893,455.17999267,1475939968,45703302056.4
1530421200,455.242004395,457.139007568,446.385009766,453.91799926,1511730048,45585861718.1
1530507600,453.824005127,479.130004883,447.110992432,475.34698486,1625789952,47747743959.2
1530594000,475.385986328,483.854003906,462.582000732,464.19500732,1683939968,46637067238.7
1530680400,464.151000977,481.436004639,455.184997559,467.31799316,1549769984,46960391870.5
1530766800,467.286987305,483.225006104,464.628997803,474.4119873,1828610048,47682968019.5
1530853200,474.356994629,479.652008057,457.614990234,474.0119934,1627609984,47652424063.6
1530939600,474.057006836,491.660003662,466.835998535,491.66000366,1358360064,49436674024.9
1531026000,492.067993164,503.199005127,488.416992188,489.11898803,1344560000,49191161178.1
1531112400,488.877990723,490.851989746,475.174987793,476.68200683,1533799936,47950212027.3
1531198800,476.161987305,478.317993164,433.95999145,434.42401123,1789069952,43708241775.1
1531285200,434.515014648,447.316009521,429.506988525,446.51800537,1422470016,44934271235.3
1531371600,446.50201416,446.50201416,422.809997559,430.07400512,1495440000,43288294177.4
1531458000,430.740997314,442.363006592,430.740997314,434.02700805,1489670016,43694988768.9
1531544400,434.510986328,439.433990479,431.473999023,436.08599853,1235820032,43911193560.9
1531630800,435.8829956,454.00100708,433.92098999,449.8500061,1350160000,45306414380.4
1531717200,450.424987793,480.6579895,446.79800415,480.6579895,1858680064,48419026521.3
1531803600,480.07699585,508.779998779,468.91500854,501.00201416,2288100096,50478766285.3
1531890000,500.838012695,513.432983398,474.359008789,480.51300048,2371559936,48424155623.5
1531976400,480.627990723,483.239990234,465.141998291,469.61898803,2068739968,47335899963
1532062800,469.307006836,469.307006836,443.692993164,450.69799804,1821350016,45437819521.9
1532149200,450.678985596,468.083007812,445.776000977,462.43600463,1504310016,46630720739
1532235600,462.437988281,470.89801025,458.118988037,459.65701293,1338589952,46360029756.7
1532322000,459.438995361,469.765991211,449.727996826,450.85299682,1596999936,45481301491
1532408400,451.135986328,481.141998291,450.56500244,479.37298584,2287520000,48368209917.3
1532494800,479.906005859,482.868011475,466.473999023,472.49301147,1930780032,47683830874.3
1532581200,472.330993652,483.6960144,461.42401123,464.0369873,1621560064,46839932192.6
1532667600,464.009002686,473.221984863,458.290985107,469.6659851,1734259968,47417755376.4
1532754000,469.678009033,471.593994141,462.989013672,466.89801025,1531890048,47147853886.3
1532840400,466.915008545,470.355987549,462.712005615,466.66500854,1631910016,47133881665.7
1532926800,466.827,467.952,448.641,457.081,2141590000,46175217427
1533013200,457.245,457.245,430.444,433.867,1820680000,43839034236.6
1533099600,433.869,435.457,410.464,420.747,1888060000,42521937217.6
1533186000,420.806,425.034,410.309,412.621,1569300000,41709183608.4
1533272400,412.567,420.54,399.91,418.262,1722340000,42287977978.1
1533358800,418.237,420.186,403.776,407.252,1466540000,41183215694.2
1533445200,407.346,413.716,402.432,410.516,1396820000,41521715110.2
1533531600,410.56,414.54,403.315,406.658,1384880000,41139790461.5
1533618000,406.801,411.405,376.077,380.215,1828350000,38472420232.6
1533704400,379.892,380.671,353.734,356.613,2016080000,36091566801.1
1533790800,356.971,370.946,353.614,365.588,1616610000,37007391030.6
1533877200,365.776,367.045,329.586,334.176,1699400000,33834485092.3
1533963600,334.264,334.264,308.488,322.112,1790370000,32619681420.3
1534050000,320.82,328.59,318.6,319.57,1625420000,32368768331.5
1534136400,320.21,323.551,284.934,286.495,1751190000,29024490502.9
1534222800,286.365,286.36,254.65,278.932,2137850000,28263969131.7
1534309200,280.38,303.59,280.119,282.364,1878150000,28617473115.7
1534395600,282.741,298.476,280.928,288.046,1552970000,29199228645.6
1534482000,287.68,316.17,287.346,315.729,1995460000,32011921282.7
1534568400,316.791,320.446,286.551,295.812,1764020000,29998584852.4
1534654800,295.67,307.098,291.332,300.834,1447910000,30514025773.7
1534741200,301.381,304.372,273.511,274.315,1413790000,27829775230.8
1534827600,273.33,285.97,273.331,281.944,1164120000,28609531323.2
1534914000,281.968,297.486,264.998,271.341,1507660000,27539119678.7
1535000400,271.748,279.54,271.09,277.104,1271160000,28129662664.2
1535086800,278.111,283.3,273.86,282.967,1450170000,28730705349.2
1535173200,283.281,283.515,278.471,279.646,1208360000,28399212923
1535259600,279.525,279.525,272.444,275.197,1206650000,27953028997.1
1535346000,275.35,285.6,273.65,285.603,1406790000,29015874948.4
1535432400,286.6,297.4,283.572,296.499,1513350000,30128902936.5
1535518800,296.163,297.071,287.287,289.312,1474460000,29404459724.6
1535605200,289.753,291.243,275.211,284.105,1513100000,28881058148.3
1535691600,284.12,284.551,278.513,283.004,1411910000,28774922508.3
1535778000,283.496,301.144,283.496,295.341,1546630000,30035327410.2
1535864400,295.453,298.686,290.926,294.371,1321050000,29942718225.1
1535950800,295.181,295.591,287.432,289.259,1394490000,29428616901.4
1536037200,289.29,291.58,284.255,285.723,1554870000,29074743100.6
1536123600,286.045,288.163,232.331,232.331,2390390000,23646371776.6
1536210000,231.648,231.755,218.12,230.215,2097310000,23435751842
1536296400,229.535,233.896,217.075,217.203,1678260000,22115522904.4
1536382800,217.912,220.367,193.259,197.951,1517200000,20159309964.3
1536469200,198.385,207.666,188.306,196.924,1585980000,20058708800
1536555600,197.851,201.883,189.584,197.079,1502960000,20078523983.5
1536642000,198.177,198.506,180.596,185.066,1568900000,18858381965.7
1536728400,185.423,185.587,170.257,183.331,1874850000,18685319378.4
1536814800,183.679,214.002,183.679,211.354,2330720000,21545775837.3
1536901200,212.669,222.794,204.871,211.749,2232190000,21590366995.5
1536987600,209.814,226.604,209.606,223.074,1670490000,22749647320.9
1537074000,222.803,222.803,211.118,220.589,1502260000,22500748645.5
1537160400,221.582,224.261,195.308,197.875,2019910000,20187902504.8
1537246800,197.095,213.357,195.934,209.975,1800640000,21426628308.9
1537333200,209.472,213.871,201.656,209.969,1733330000,21430323331
1537419600,210.288,224.818,207.789,224.591,1782070000,22927300807.8
1537506000,225.251,248.388,221.567,246.584,2836200000,25177561991.2
1537592400,247.337,251.19,233.81,240.48,1921820000,24559189741.1
1537678800,240.992,247.464,237.85,244.33,1693470000,24957339670
1537765200,244.844,245.1,227.49,228.73,1748740000,23368514474.6
1537851600,228.327,228.32,206.49,218.505,2120360000,22328327983.4
1537938000,218.647,221.437,209.113,215.847,1756100000,22061164303.3
1538024400,215.44,230.607,212.654,228.494,2030320000,23358464738.5
1538110800,229.041,231.748,218.669,222.402,2018120000,22740233568
1538197200,221.705,234.014,216.078,231.635,2208720000,23688983896.2
1538283600,231.329,236.986,228.445,232.848,1765560000,23817805502.1
1538370000,233.22,234.145,226.945,230.768,1597500000,23609728018.1
1538456400,231.1,231.167,225.838,227.181,1542080000,23247403474.2
1538542800,226.407,226.458,213.971,220.489,1683930000,22567089085.9
1538629200,220.446,226.14,220.09,222.218,1479500000,22748580858.8
1538715600,222.267,228.319,220.957,227.601,1547330000,23304234601.1
1538802000,227.552,227.926,224.24,225.12,1505070000,23054817089.3
1538888400,225.43,226.37,222.996,226.119,1470480000,23161767973
1538974800,226.509,230.765,224.557,229.255,1470740000,23487672999.7
1539061200,229.71,230.161,226.401,227.982,1405130000,23361891400.9
1539147600,227.615,227.707,224.495,225.769,1384040000,23139713070.2
1539234000,225.61,225.61,189.283,189.499,2167620000,19426181717.3
1539320400,188.707,199.401,188.707,196.727,1487900000,20171157773.8
1539406800,196.364,201.279,196.364,199.841,1167610000,20494529772.8
1539493200,199.691,201.827,195.243,195.715,1169260000,20075397006.8
1539579600,195.27,222.118,194.159,209.704,2865830000,21514574461.5
1539666000,209.628,212.173,207.98,210.12,1532280000,21561538444.9
1539752400,210.217,211.125,205.928,207.083,1444130000,21254117735.7
1539838800,207.4,208.47,201.743,203.352,1365860000,20875341345.3
1539925200,203.257,204.663,201.844,203.727,1264480000,20917973392.6
1540011600,203.515,206.222,203.08,205.43,1238780000,21097037288.7
1540098000,205.39,208.155,204.621,205.142,1190300000,21071630785.8
1540184400,205.174,206.93,203.377,204.044,1328980000,20962977291.7
1540270800,204.016,205.151,201.911,204.336,1237490000,20997181867.2
1540357200,204.127,205.581,203.354,203.852,1102220000,20951603017.5
1540443600,203.868,204.132,201.823,202.719,1102900000,20839259066.2
1540530000,202.33,204.78,201.551,203.329,1161310000,20906130835.2
1540616400,203.356,206.082,203.12,204.21,1084810000,21000852986.6
1540702800,204.51,205.919,203.523,205.366,1139140000,21123907348.8
1540789200,205.174,205.597,195.734,197.247,1517230000,20292811277.7
1540875600,197.203,198.122,196.351,197.556,1363500000,20328580025.7
1540962000,197.649,198.338,196.531,197.381,1442380000,20314628127.2
1541048400,197.537,203.754,197.328,198.872,1336700000,20472105763.9
1541134800,198.982,201.269,198.755,200.635,1451870000,20657629735.2
1541221200,200.74,200.74,199.525,200.186,1307150000,20615439150.7
1541307600,200.158,211.272,198.986,207.486,1749300000,21371416840.4
1541397600,207.1,210.819,206.573,209.091,1613510000,21540996877.4
1541484000,209.474,218.452,207.894,218.452,1856940000,22445690691.5
1541570400,218.899,221.652,216.796,217.183,1927830000,22383497661.8
1541656800,217.327,218.338,212.199,212.231,1769080000,21877424057
1541743200,211.987,213.316,209.515,210.074,1554750000,21659329261.3
1541829600,209.975,213.857,209.805,212.533,1377760000,21917195707.9
1541916000,212.479,212.999,208.86,211.34,1501600000,21798464880.7
1542002400,211.513,212.623,208.924,210.418,1452380000,21707637539.5
1542088800,210.149,210.515,206.135,206.826,1610260000,21341261802.3
1542175200,206.534,207.045,174.084,181.397,2595330000,18721032761.2
1542261600,181.899,184.251,170.189,180.806,2638410000,18663659629
1542348000,180.86,181.35,173.126,175.177,2015330000,18086156169.4
1542434400,175.36,175.851,172.869,174.001,1832800000,17968221714.8
1542520800,174.175,179.152,174.175,177.067,1810920000,18288411984.4
1542607200,177.179,177.179,147.851,149.175,2745160000,15410551811.4
1542693600,148.811,151.25,126.36,130.339,3134410000,13467303238.6
1542780000,131.14,138.89,125.758,136.701,2685930000,14127420909.4
1542866400,136.81,137.74,126.706,126.706,1792150000,13097009561.8
1542952800,126.419,127.028,119.559,123.296,1998010000,12747016419.4
1543039200,123.304,126.788,110.825,113.494,1800960000,11735901798.8
1543125600,113.126,118.88,101.77,116.45,2466750000,12043900588.4
1543212000,116.343,118.201,104.893,108.335,2139490000,11206775318
1543298400,107.913,111.842,102.45,110.01,2320010000,11382216772.8
1543384800,110.198,126.048,110.198,122.438,2673470000,12670491119.1
1543471200,122.721549988,123.229721069,115.297687692,117.542645204,2196099150.58,12166285641.5
1543557600,117.728096299,119.423767389,111.744962142,113.171421096,2020748395.52,11716096075.6
1543644000,113.397761799,120.841453719,111.619121681,118.635558644,2131475767.65,12284117522
1543730400,118.268150864,120.562046513,116.092041098,116.388899329,1856199148.78,12053770487.1
1543816800,116.37875809,116.61906831,107.415653907,108.925017829,1772756192.75,11282911403.6
1543903200,108.803159312,113.142914372,107.402721386,110.214189589,1748116495.09,11418617062.7
1543989600,110.335517946,110.598606704,102.475555559,102.475555559,1990157607.46,10618884099.1
1544076000,102.450592687,104.103496045,91.7610561566,91.7610561566,2310716932.45,9510417097.19
1544162400,91.649834213,96.0898423468,83.4697207864,93.2945640148,2554304529.79,9671177427.25
1544248800,93.4100783452,97.0598805676,86.8256658173,92.1596396877,1855759401.15,9555327945.89
1544335200,92.0354326922,98.9000301323,91.0312776727,95.1420594843,1875567179.89,9866414731.76
1544421600,94.9921705261,96.2573021247,90.6542533812,91.6856567551,1756437577.01,9509816314.68
1544508000,91.5789373141,92.7823254702,87.6884077957,88.9453032129,1707497898.27,9227301064.47
1544594400,88.610703388,92.2405522778,88.2635593472,90.5933019065,1533050103.4,9400044026
1544680800,90.6552290496,91.1116024432,85.5183103992,86.539314888,1754475621.8,8981108542.83
1544767200,86.6303531913,87.1449396082,83.2264745506,84.30829593,1651491876.91,8751209553.56
1544853600,84.279694394,85.3427425756,82.8298902883,84.440809528,1496176898.3,8766638124.25
1544940000,84.4694065515,87.5681237843,84.4694065515,85.262096927,1565817037.1,8853567310.97
1545026400,85.3821119977,96.8050539407,85.3821119977,95.133827116,2101453023.8,9880456238.61
1545112800,95.1080428852,101.320236081,92.9685186087,101.11245579,2277514075.7,10503295748.6
1545199200,101.68384635,108.54905525,100.691462088,101.268575225,2456482114.72,10521416480.5
1545285600,101.090438108,117.17012674,100.63995804,116.21687011,3063842618.2,12076674310.5
1545372000,115.83540173,119.09416222,107.58479463,109.49623355,2632539990.3,11380357568.6
1545458400,109.45594093,116.759499161,107.503167084,116.75949916,2338772938.8,12137481655.1
1545544800,117.273897972,133.075301961,117.273897972,130.7652598,3579715060.8,13595887731.7
1545631200,130.641669901,157.668703493,130.6416699,140.23800256,4370343386.79,14583457939.5
1545717600,140.997589037,140.997589037,125.11329114,129.84435176,3298280609.27,13505089289.7
1545804000,129.888822727,136.67724853,126.29290758,131.865627374,2720469126.47,13717858345.7
1545890400,131.92358466,132.677059292,115.650099757,116.575910514,2612804378.36,12129493222.3
1545976800,116.898198052,137.647013306,115.693132487,137.647013306,3130201009.41,14324511544.3
1546063200,138.46878261,147.034330002,134.570180924,138.01833477,3169029972.2,14365797195.6
1546149600,137.627462564,140.689090162,133.982333322,139.859452892,2660086834.11,14560066114.2
1546236000,140.031074433,140.181156945,132.519392448,133.368263445,2358360233.97,13886837729.7
